{"stats":{"minecraft:custom":{"minecraft:open_barrel":12,"minecraft:time_since_rest":90788,"minecraft:open_chest":66,"minecraft:crouch_one_cm":560,"minecraft:play_one_minute":92052,"minecraft:interact_with_furnace":2,"minecraft:sprint_one_cm":21702,"minecraft:deaths":1,"minecraft:walk_one_cm":111958,"minecraft:sneak_time":200,"minecraft:mob_kills":2,"minecraft:jump":95,"minecraft:damage_dealt":20,"minecraft:leave_game":13,"minecraft:time_since_death":90764,"minecraft:fly_one_cm":25567},"minecraft:used":{"minecraft:redstone_lamp":5,"minecraft:cobblestone":17,"minecraft:scaffolding":4,"minecraft:furnace":3,"minecraft:lantern":9,"minecraft:grass_block":3,"minecraft:spruce_slab":1,"minecraft:stone_button":17,"minecraft:chain":2,"minecraft:chest":9,"minecraft:stone_pressure_plate":4,"minecraft:stone_brick_wall":3,"minecraft:stone":90,"minecraft:spruce_fence":9,"minecraft:observer":1,"minecraft:barrel":7,"minecraft:stone_bricks":155,"minecraft:stone_brick_stairs":17},"minecraft:killed":{"minecraft:slime":2},"minecraft:picked_up":{"minecraft:scaffolding":1,"minecraft:stone_button":3}},"DataVersion":2580}